Albania,ALB,2000,3129000
Albania,ALB,2001,3130000
Albania,ALB,2002,3126000
Albania,ALB,2003,3118000
Albania,ALB,2004,3105000
Albania,ALB,2005,3087000
Albania,ALB,2008,3003000
Albania,ALB,2009,2973000
Albania,ALB,2010,2948000
Albania,ALB,2011,2929000
Albania,ALB,2012,2914000
Albania,ALB,2015,2891000
Algeria,DZA,2000,31042000
Algeria,DZA,2001,31452000
Algeria,DZA,2002,31855000
Algeria,DZA,2003,32264000
Algeria,DZA,2004,32692000
Algeria,DZA,2005,33150000
Algeria,DZA,2008,34731000
Algeria,DZA,2009,35334000
Algeria,DZA,2010,35977000
Algeria,DZA,2011,36661000
Algeria,DZA,2012,37384000
Algeria,DZA,2015,39728000
Angola,AGO,2000,16395000
Angola,AGO,2001,16946000
Angola,AGO,2002,17519000
Angola,AGO,2003,18121000
Angola,AGO,2004,18758000
Angola,AGO,2005,19434000
Angola,AGO,2008,21696000
Angola,AGO,2009,22514000
Angola,AGO,2010,23356000
Angola,AGO,2011,24221000
Angola,AGO,2012,25108000
Angola,AGO,2015,27884000
Antigua and Barbuda,ATG,2000,76000
Antigua and Barbuda,ATG,2001,77000
Antigua and Barbuda,ATG,2002,78000
Antigua and Barbuda,ATG,2003,79000
Antigua and Barbuda,ATG,2004,80000
Antigua and Barbuda,ATG,2005,81000
Antigua and Barbuda,ATG,2008,85000
Antigua and Barbuda,ATG,2009,87000
Antigua and Barbuda,ATG,2010,88000
Antigua and Barbuda,ATG,2011,89000
Antigua and Barbuda,ATG,2012,90000
Antigua and Barbuda,ATG,2015,94000
Argentina,ARG,2000,36871000
Argentina,ARG,2001,37276000
Argentina,ARG,2002,37682000
Argentina,ARG,2003,38088000
Argentina,ARG,2004,38492000
Argentina,ARG,2005,38893000
Argentina,ARG,2008,40080000
Argentina,ARG,2009,40483000
Argentina,ARG,2010,40896000
Argentina,ARG,2011,41320000
Argentina,ARG,2012,41755000
Argentina,ARG,2015,43075000
Armenia,ARM,2000,3070000
Armenia,ARM,2000,3070000
Armenia,ARM,2001,3051000
Armenia,ARM,2001,3051000
Armenia,ARM,2002,3034000
Armenia,ARM,2002,3034000
Armenia,ARM,2003,3018000
Armenia,ARM,2003,3018000
Armenia,ARM,2004,3001000
Armenia,ARM,2004,3001000
Armenia,ARM,2005,2981000
Armenia,ARM,2005,2981000
Armenia,ARM,2008,2908000
Armenia,ARM,2008,2908000
Armenia,ARM,2009,2888000
Armenia,ARM,2009,2888000
Armenia,ARM,2010,2877000
Armenia,ARM,2010,2877000
Armenia,ARM,2011,2877000
Armenia,ARM,2011,2877000
Armenia,ARM,2012,2884000
Armenia,ARM,2012,2884000
Armenia,ARM,2015,2926000
Armenia,ARM,2015,2926000
Australia,AUS,2000,18991000
Australia,AUS,2000,18991000
Australia,AUS,2001,19195000
Australia,AUS,2001,19195000
Australia,AUS,2002,19401000
Australia,AUS,2002,19401000
Australia,AUS,2003,19624000
Australia,AUS,2003,19624000
Australia,AUS,2004,19880000
Australia,AUS,2004,19880000
Australia,AUS,2005,20179000
Australia,AUS,2005,20179000
Australia,AUS,2008,21332000
Australia,AUS,2008,21332000
Australia,AUS,2009,21751000
Australia,AUS,2009,21751000
Australia,AUS,2010,22155000
Australia,AUS,2010,22155000
Australia,AUS,2011,22538000
Australia,AUS,2011,22538000
Australia,AUS,2012,22904000
Australia,AUS,2012,22904000
Australia,AUS,2015,23932000
Australia,AUS,2015,23932000
Austria,AUT,2000,8069000
Austria,AUT,2000,8069000
Austria,AUT,2001,8098000
Austria,AUT,2001,8098000
Austria,AUT,2002,8134000
Austria,AUT,2002,8134000
Austria,AUT,2003,8176000
Austria,AUT,2003,8176000
Austria,AUT,2004,8217000
Austria,AUT,2004,8217000
Austria,AUT,2005,8254000
Austria,AUT,2005,8254000
Austria,AUT,2008,8342000
Austria,AUT,2008,8342000
Austria,AUT,2009,8373000
Austria,AUT,2009,8373000
Austria,AUT,2010,8410000
Austria,AUT,2010,8410000
Austria,AUT,2011,8454000
Austria,AUT,2011,8454000
Austria,AUT,2012,8502000
Austria,AUT,2012,8502000
Austria,AUT,2015,8679000
Austria,AUT,2015,8679000
Azerbaijan,AZE,2000,8123000
Azerbaijan,AZE,2000,8123000
Azerbaijan,AZE,2001,8197000
Azerbaijan,AZE,2001,8197000
Azerbaijan,AZE,2002,8277000
Azerbaijan,AZE,2002,8277000
Azerbaijan,AZE,2003,8361000
Azerbaijan,AZE,2003,8361000
Azerbaijan,AZE,2004,8449000
Azerbaijan,AZE,2004,8449000
Azerbaijan,AZE,2005,8539000
Azerbaijan,AZE,2005,8539000
Azerbaijan,AZE,2008,8822000
Azerbaijan,AZE,2008,8822000
Azerbaijan,AZE,2009,8924000
Azerbaijan,AZE,2009,8924000
Azerbaijan,AZE,2010,9032000
Azerbaijan,AZE,2010,9032000
Azerbaijan,AZE,2011,9146000
Azerbaijan,AZE,2011,9146000
Azerbaijan,AZE,2012,9265000
Azerbaijan,AZE,2012,9265000
Azerbaijan,AZE,2015,9623000
Azerbaijan,AZE,2015,9623000
Bahamas,BHS,2000,298000
Bahamas,BHS,2001,303000
Bahamas,BHS,2002,308000
Bahamas,BHS,2003,313000
Bahamas,BHS,2004,319000
Bahamas,BHS,2005,325000
Bahamas,BHS,2008,344000
Bahamas,BHS,2009,350000
Bahamas,BHS,2010,355000
Bahamas,BHS,2011,360000
Bahamas,BHS,2012,364000
Bahamas,BHS,2015,374000
Bahrain,BHR,2000,665000
Bahrain,BHR,2001,698000
Bahrain,BHR,2002,735000
Bahrain,BHR,2003,779000
Bahrain,BHR,2004,830000
Bahrain,BHR,2005,889000
Bahrain,BHR,2008,1115000
Bahrain,BHR,2009,1185000
Bahrain,BHR,2010,1241000
Bahrain,BHR,2011,1278000
Bahrain,BHR,2012,1300000
Bahrain,BHR,2015,1372000
Bangladesh,BGD,2000,127658000
Bangladesh,BGD,2001,130089000
Bangladesh,BGD,2002,132478000
Bangladesh,BGD,2003,134792000
Bangladesh,BGD,2004,136986000
Bangladesh,BGD,2005,139036000
Bangladesh,BGD,2008,144304000
Bangladesh,BGD,2009,145925000
Bangladesh,BGD,2010,147575000
Bangladesh,BGD,2011,149273000
Bangladesh,BGD,2012,151006000
Bangladesh,BGD,2015,156256000
Barbados,BRB,2000,272000
Barbados,BRB,2001,272000
Barbados,BRB,2002,273000
Barbados,BRB,2003,274000
Barbados,BRB,2004,275000
Barbados,BRB,2005,276000
Barbados,BRB,2008,280000
Barbados,BRB,2009,281000
Barbados,BRB,2010,282000
Barbados,BRB,2011,283000
Barbados,BRB,2012,284000
Barbados,BRB,2015,285000
Belarus,BLR,2000,9872000
Belarus,BLR,2001,9811000
Belarus,BLR,2002,9746000
Belarus,BLR,2003,9679000
Belarus,BLR,2004,9617000
Belarus,BLR,2005,9562000
Belarus,BLR,2008,9453000
Belarus,BLR,2009,9433000
Belarus,BLR,2010,9421000
Belarus,BLR,2011,9415000
Belarus,BLR,2012,9417000
Belarus,BLR,2015,9439000
Belgium,BEL,2000,10282000
Belgium,BEL,2000,10282000
Belgium,BEL,2001,10319000
Belgium,BEL,2001,10319000
Belgium,BEL,2002,10365000
Belgium,BEL,2002,10365000
Belgium,BEL,2003,10419000
Belgium,BEL,2003,10419000
Belgium,BEL,2004,10480000
Belgium,BEL,2004,10480000
Belgium,BEL,2005,10547000
Belgium,BEL,2005,10547000
Belgium,BEL,2008,10779000
Belgium,BEL,2008,10779000
Belgium,BEL,2009,10860000
Belgium,BEL,2009,10860000
Belgium,BEL,2010,10939000
Belgium,BEL,2010,10939000
Belgium,BEL,2011,11014000
Belgium,BEL,2011,11014000
Belgium,BEL,2012,11085000
Belgium,BEL,2012,11085000
Belgium,BEL,2015,11288000
Belgium,BEL,2015,11288000
Belize,BLZ,2000,247000
Belize,BLZ,2001,255000
Belize,BLZ,2002,262000
Belize,BLZ,2003,269000
Belize,BLZ,2004,277000
Belize,BLZ,2005,284000
Belize,BLZ,2008,307000
Belize,BLZ,2009,315000
Belize,BLZ,2010,322000
Belize,BLZ,2011,330000
Belize,BLZ,2012,338000
Belize,BLZ,2015,361000
Benin,BEN,2000,6866000
Benin,BEN,2001,7077000
Benin,BEN,2002,7295000
Benin,BEN,2003,7521000
Benin,BEN,2004,7750000
Benin,BEN,2005,7982000
Benin,BEN,2008,8697000
Benin,BEN,2009,8945000
Benin,BEN,2010,9199000
Benin,BEN,2011,9461000
Benin,BEN,2012,9729000
Benin,BEN,2015,10576000
Bhutan,BTN,2000,591000
Bhutan,BTN,2001,604000
Bhutan,BTN,2002,616000
Bhutan,BTN,2003,628000
Bhutan,BTN,2004,639000
Bhutan,BTN,2005,649000
Bhutan,BTN,2008,672000
Bhutan,BTN,2009,678000
Bhutan,BTN,2010,686000
Bhutan,BTN,2011,693000
Bhutan,BTN,2012,702000
Bhutan,BTN,2015,728000
Bolivia,BOL,2000,8418000
Bolivia,BOL,2001,8580000
Bolivia,BOL,2002,8743000
Bolivia,BOL,2003,8906000
Bolivia,BOL,2004,9069000
Bolivia,BOL,2005,9232000
Bolivia,BOL,2008,9721000
Bolivia,BOL,2009,9885000
Bolivia,BOL,2010,10049000
Bolivia,BOL,2011,10213000
Bolivia,BOL,2012,10378000
Bolivia,BOL,2015,10870000
Botswana,BWA,2000,1643000
Botswana,BWA,2001,1675000
Botswana,BWA,2002,1705000
Botswana,BWA,2003,1734000
Botswana,BWA,2004,1766000
Botswana,BWA,2005,1799000
Botswana,BWA,2008,1916000
Botswana,BWA,2009,1953000
Botswana,BWA,2010,1987000
Botswana,BWA,2011,2015000
Botswana,BWA,2012,2040000
Botswana,BWA,2015,2121000
Brazil,BRA,2000,174790000
Brazil,BRA,2000,174790000
Brazil,BRA,2001,177196000
Brazil,BRA,2001,177196000
Brazil,BRA,2002,179538000
Brazil,BRA,2002,179538000
Brazil,BRA,2003,181809000
Brazil,BRA,2003,181809000
Brazil,BRA,2004,184006000
Brazil,BRA,2004,184006000
Brazil,BRA,2005,186127000
Brazil,BRA,2005,186127000
Brazil,BRA,2008,192030000
Brazil,BRA,2008,192030000
Brazil,BRA,2009,193887000
Brazil,BRA,2009,193887000
Brazil,BRA,2010,195714000
Brazil,BRA,2010,195714000
Brazil,BRA,2011,197515000
Brazil,BRA,2011,197515000
Brazil,BRA,2012,199287000
Brazil,BRA,2012,199287000
Brazil,BRA,2015,204472000
Brazil,BRA,2015,204472000
Brunei,BRN,2000,333000
Brunei,BRN,2001,340000
Brunei,BRN,2002,347000
Brunei,BRN,2003,353000
Brunei,BRN,2004,359000
Brunei,BRN,2005,365000
Brunei,BRN,2008,379000
Brunei,BRN,2009,384000
Brunei,BRN,2010,389000
Brunei,BRN,2011,394000
Brunei,BRN,2012,399000
Brunei,BRN,2015,415000
Bulgaria,BGR,2000,7998000
Bulgaria,BGR,2001,7931000
Bulgaria,BGR,2002,7866000
Bulgaria,BGR,2003,7804000
Bulgaria,BGR,2004,7745000
Bulgaria,BGR,2005,7687000
Bulgaria,BGR,2008,7524000
Bulgaria,BGR,2009,7474000
Bulgaria,BGR,2010,7425000
Bulgaria,BGR,2011,7379000
Bulgaria,BGR,2012,7334000
Bulgaria,BGR,2015,7200000
Burkina Faso,BFA,2000,11608000
Burkina Faso,BFA,2001,11945000
Burkina Faso,BFA,2002,12293000
Burkina Faso,BFA,2003,12655000
Burkina Faso,BFA,2004,13031000
Burkina Faso,BFA,2005,13422000
Burkina Faso,BFA,2008,14690000
Burkina Faso,BFA,2009,15141000
Burkina Faso,BFA,2010,15605000
Burkina Faso,BFA,2011,16082000
Burkina Faso,BFA,2012,16571000
Burkina Faso,BFA,2015,18111000
Burundi,BDI,2000,6379000
Burundi,BDI,2001,6526000
Burundi,BDI,2002,6704000
Burundi,BDI,2003,6909000
Burundi,BDI,2004,7132000
Burundi,BDI,2005,7365000
Burundi,BDI,2008,8126000
Burundi,BDI,2009,8398000
Burundi,BDI,2010,8676000
Burundi,BDI,2011,8958000
Burundi,BDI,2012,9246000
Burundi,BDI,2015,10160000
Cambodia,KHM,2000,12155000
Cambodia,KHM,2001,12405000
Cambodia,KHM,2002,12638000
Cambodia,KHM,2003,12856000
Cambodia,KHM,2004,13066000
Cambodia,KHM,2005,13273000
Cambodia,KHM,2008,13884000
Cambodia,KHM,2009,14094000
Cambodia,KHM,2010,14312000
Cambodia,KHM,2011,14541000
Cambodia,KHM,2012,14780000
Cambodia,KHM,2015,15521000
Cameroon,CMR,2000,15514000
Cameroon,CMR,2001,15929000
Cameroon,CMR,2002,16358000
Cameroon,CMR,2003,16801000
Cameroon,CMR,2004,17259000
Cameroon,CMR,2005,17733000
Cameroon,CMR,2008,19253000
Cameroon,CMR,2009,19790000
Cameroon,CMR,2010,20341000
Cameroon,CMR,2011,20906000
Cameroon,CMR,2012,21485000
Cameroon,CMR,2015,23298000
Canada,CAN,2000,30588000
Canada,CAN,2000,30588000
Canada,CAN,2001,30880000
Canada,CAN,2001,30880000
Canada,CAN,2002,31178000
Canada,CAN,2002,31178000
Canada,CAN,2003,31488000
Canada,CAN,2003,31488000
Canada,CAN,2004,31815000
Canada,CAN,2004,31815000
Canada,CAN,2005,32164000
Canada,CAN,2005,32164000
Canada,CAN,2008,33338000
Canada,CAN,2008,33338000
Canada,CAN,2009,33746000
Canada,CAN,2009,33746000
Canada,CAN,2010,34148000
Canada,CAN,2010,34148000
Canada,CAN,2011,34539000
Canada,CAN,2011,34539000
Canada,CAN,2012,34922000
Canada,CAN,2012,34922000
Canada,CAN,2015,36027000
Canada,CAN,2015,36027000
Cape Verde,CPV,2000,428000
Cape Verde,CPV,2001,436000
Cape Verde,CPV,2002,443000
Cape Verde,CPV,2003,450000
Cape Verde,CPV,2004,457000
Cape Verde,CPV,2005,463000
Cape Verde,CPV,2008,481000
Cape Verde,CPV,2009,487000
Cape Verde,CPV,2010,493000
Cape Verde,CPV,2011,499000
Cape Verde,CPV,2012,505000
Cape Verde,CPV,2015,525000
Chile,CHL,2000,15342000
Chile,CHL,2000,15342000
Chile,CHL,2001,15516000
Chile,CHL,2001,15516000
Chile,CHL,2002,15684000
Chile,CHL,2002,15684000
Chile,CHL,2003,15850000
Chile,CHL,2003,15850000
Chile,CHL,2004,16015000
Chile,CHL,2004,16015000
Chile,CHL,2005,16183000
Chile,CHL,2005,16183000
Chile,CHL,2008,16708000
Chile,CHL,2008,16708000
Chile,CHL,2009,16886000
Chile,CHL,2009,16886000
Chile,CHL,2010,17063000
Chile,CHL,2010,17063000
Chile,CHL,2011,17234000
Chile,CHL,2011,17234000
Chile,CHL,2012,17400000
Chile,CHL,2012,17400000
Chile,CHL,2015,17969000
Chile,CHL,2015,17969000
China,CHN,2000,1290551000
China,CHN,2000,1290551000
China,CHN,2001,1299130000
China,CHN,2001,1299130000
China,CHN,2002,1307352000
China,CHN,2002,1307352000
China,CHN,2003,1315304000
China,CHN,2003,1315304000
China,CHN,2004,1323085000
China,CHN,2004,1323085000
China,CHN,2005,1330776000
China,CHN,2005,1330776000
China,CHN,2008,1353569000
China,CHN,2008,1353569000
China,CHN,2009,1361169000
China,CHN,2009,1361169000
China,CHN,2010,1368811000
China,CHN,2010,1368811000
China,CHN,2011,1376498000
China,CHN,2011,1376498000
China,CHN,2012,1384206000
China,CHN,2012,1384206000
China,CHN,2015,1406848000
China,CHN,2015,1406848000
Colombia,COL,2000,39630000
Colombia,COL,2000,39630000
Colombia,COL,2001,40256000
Colombia,COL,2001,40256000
Colombia,COL,2002,40875000
Colombia,COL,2002,40875000
Colombia,COL,2003,41484000
Colombia,COL,2003,41484000
Colombia,COL,2004,42076000
Colombia,COL,2004,42076000
Colombia,COL,2005,42648000
Colombia,COL,2005,42648000
Colombia,COL,2008,44255000
Colombia,COL,2008,44255000
Colombia,COL,2009,44750000
Colombia,COL,2009,44750000
Colombia,COL,2010,45223000
Colombia,COL,2010,45223000
Colombia,COL,2011,45663000
Colombia,COL,2011,45663000
Colombia,COL,2012,46076000
Colombia,COL,2012,46076000
Colombia,COL,2015,47521000
Colombia,COL,2015,47521000
Costa Rica,CRI,2000,3962000
Costa Rica,CRI,2001,4034000
Costa Rica,CRI,2002,4101000
Costa Rica,CRI,2003,4164000
Costa Rica,CRI,2004,4225000
Costa Rica,CRI,2005,4286000
Costa Rica,CRI,2008,4463000
Costa Rica,CRI,2009,4521000
Costa Rica,CRI,2010,4577000
Costa Rica,CRI,2011,4633000
Costa Rica,CRI,2012,4688000
Costa Rica,CRI,2015,4848000
Croatia,HRV,2000,4428000
Croatia,HRV,2001,4408000
Croatia,HRV,2002,4396000
Croatia,HRV,2003,4389000
Croatia,HRV,2004,4384000
Croatia,HRV,2005,4378000
Croatia,HRV,2008,4353000
Croatia,HRV,2009,4341000
Croatia,HRV,2010,4328000
Croatia,HRV,2011,4313000
Croatia,HRV,2012,4296000
Croatia,HRV,2015,4233000
Denmark,DNK,2000,5341000
Denmark,DNK,2000,5341000
Denmark,DNK,2001,5358000
Denmark,DNK,2001,5358000
Denmark,DNK,2002,5373000
Denmark,DNK,2002,5373000
Denmark,DNK,2003,5387000
Denmark,DNK,2003,5387000
Denmark,DNK,2004,5403000
Denmark,DNK,2004,5403000
Denmark,DNK,2005,5422000
Denmark,DNK,2005,5422000
Denmark,DNK,2008,5498000
Denmark,DNK,2008,5498000
Denmark,DNK,2009,5526000
Denmark,DNK,2009,5526000
Denmark,DNK,2010,5555000
Denmark,DNK,2010,5555000
Denmark,DNK,2011,5583000
Denmark,DNK,2011,5583000
Denmark,DNK,2012,5611000
Denmark,DNK,2012,5611000
Denmark,DNK,2015,5689000
Denmark,DNK,2015,5689000
Dominica,DMA,2000,70000
Dominica,DMA,2001,70000
Dominica,DMA,2002,70000
Dominica,DMA,2003,70000
Dominica,DMA,2004,70000
Dominica,DMA,2005,71000
Dominica,DMA,2008,71000
Dominica,DMA,2009,71000
Dominica,DMA,2010,71000
Dominica,DMA,2011,71000
Dominica,DMA,2012,71000
Dominica,DMA,2015,71000
Dominican Republic,DOM,2000,8471000
Dominican Republic,DOM,2001,8599000
Dominican Republic,DOM,2002,8725000
Dominican Republic,DOM,2003,8850000
Dominican Republic,DOM,2004,8974000
Dominican Republic,DOM,2005,9097000
Dominican Republic,DOM,2008,9458000
Dominican Republic,DOM,2009,9577000
Dominican Republic,DOM,2010,9695000
Dominican Republic,DOM,2011,9813000
Dominican Republic,DOM,2012,9931000
Dominican Republic,DOM,2015,10282000
Ecuador,ECU,2000,12681000
Ecuador,ECU,2001,12915000
Ecuador,ECU,2002,13143000
Ecuador,ECU,2003,13370000
Ecuador,ECU,2004,13596000
Ecuador,ECU,2005,13826000
Ecuador,ECU,2008,14536000
Ecuador,ECU,2009,14774000
Ecuador,ECU,2010,15011000
Ecuador,ECU,2011,15244000
Ecuador,ECU,2012,15474000
Ecuador,ECU,2015,16212000
Egypt,EGY,2000,68832000
Egypt,EGY,2001,70153000
Egypt,EGY,2002,71485000
Egypt,EGY,2003,72826000
Egypt,EGY,2004,74172000
Egypt,EGY,2005,75524000
Egypt,EGY,2008,79636000
Egypt,EGY,2009,81135000
Egypt,EGY,2010,82761000
Egypt,EGY,2011,84529000
Egypt,EGY,2012,86422000
Egypt,EGY,2015,92443000
El Salvador,SLV,2000,5888000
El Salvador,SLV,2001,5927000
El Salvador,SLV,2002,5962000
El Salvador,SLV,2003,5994000
El Salvador,SLV,2004,6024000
El Salvador,SLV,2005,6052000
El Salvador,SLV,2008,6132000
El Salvador,SLV,2009,6158000
El Salvador,SLV,2010,6184000
El Salvador,SLV,2011,6211000
El Salvador,SLV,2012,6238000
El Salvador,SLV,2015,6325000
Estonia,EST,2000,1399000
Estonia,EST,2000,1399000
Estonia,EST,2001,1392000
Estonia,EST,2001,1392000
Estonia,EST,2002,1383000
Estonia,EST,2002,1383000
Estonia,EST,2003,1373000
Estonia,EST,2003,1373000
Estonia,EST,2004,1364000
Estonia,EST,2004,1364000
Estonia,EST,2005,1356000
Estonia,EST,2005,1356000
Estonia,EST,2008,1340000
Estonia,EST,2008,1340000
Estonia,EST,2009,1336000
Estonia,EST,2009,1336000
Estonia,EST,2010,1332000
Estonia,EST,2010,1332000
Estonia,EST,2011,1328000
Estonia,EST,2011,1328000
Estonia,EST,2012,1323000
Estonia,EST,2012,1323000
Estonia,EST,2015,1315000
Estonia,EST,2015,1315000
Ethiopia,ETH,2000,66225000
Ethiopia,ETH,2001,68159000
Ethiopia,ETH,2002,70142000
Ethiopia,ETH,2003,72171000
Ethiopia,ETH,2004,74240000
Ethiopia,ETH,2005,76346000
Ethiopia,ETH,2008,82916000
Ethiopia,ETH,2009,85234000
Ethiopia,ETH,2010,87640000
Ethiopia,ETH,2011,90140000
Ethiopia,ETH,2012,92727000
Ethiopia,ETH,2015,100835000
Fiji,FJI,2000,811000
Fiji,FJI,2001,814000
Fiji,FJI,2002,815000
Fiji,FJI,2003,816000
Fiji,FJI,2004,818000
Fiji,FJI,2005,822000
Fiji,FJI,2008,845000
Fiji,FJI,2009,854000
Fiji,FJI,2010,860000
Fiji,FJI,2011,863000
Fiji,FJI,2012,865000
Fiji,FJI,2015,869000
Finland,FIN,2000,5188000
Finland,FIN,2000,5188000
Finland,FIN,2001,5200000
Finland,FIN,2001,5200000
Finland,FIN,2002,5213000
Finland,FIN,2002,5213000
Finland,FIN,2003,5227000
Finland,FIN,2003,5227000
Finland,FIN,2004,5242000
Finland,FIN,2004,5242000
Finland,FIN,2005,5259000
Finland,FIN,2005,5259000
Finland,FIN,2008,5319000
Finland,FIN,2008,5319000
Finland,FIN,2009,5342000
Finland,FIN,2009,5342000
Finland,FIN,2010,5366000
Finland,FIN,2010,5366000
Finland,FIN,2011,5390000
Finland,FIN,2011,5390000
Finland,FIN,2012,5415000
Finland,FIN,2012,5415000
Finland,FIN,2015,5481000
Finland,FIN,2015,5481000
France,FRA,2000,59015000
France,FRA,2000,59015000
France,FRA,2001,59384000
France,FRA,2001,59384000
France,FRA,2002,59803000
France,FRA,2002,59803000
France,FRA,2003,60252000
France,FRA,2003,60252000
France,FRA,2004,60698000
France,FRA,2004,60698000
France,FRA,2005,61120000
France,FRA,2005,61120000
France,FRA,2008,62209000
France,FRA,2008,62209000
France,FRA,2009,62543000
France,FRA,2009,62543000
France,FRA,2010,62880000
France,FRA,2010,62880000
France,FRA,2011,63222000
France,FRA,2011,63222000
France,FRA,2012,63564000
France,FRA,2012,63564000
France,FRA,2015,64453000
France,FRA,2015,64453000
Gabon,GAB,2000,1228000
Gabon,GAB,2001,1258000
Gabon,GAB,2002,1288000
Gabon,GAB,2003,1320000
Gabon,GAB,2004,1354000
Gabon,GAB,2005,1391000
Gabon,GAB,2008,1519000
Gabon,GAB,2009,1569000
Gabon,GAB,2010,1624000
Gabon,GAB,2011,1685000
Gabon,GAB,2012,1750000
Gabon,GAB,2015,1948000
Gambia,GMB,2000,1318000
Gambia,GMB,2001,1360000
Gambia,GMB,2002,1404000
Gambia,GMB,2003,1450000
Gambia,GMB,2004,1497000
Gambia,GMB,2005,1544000
Gambia,GMB,2008,1689000
Gambia,GMB,2009,1740000
Gambia,GMB,2010,1793000
Gambia,GMB,2011,1848000
Gambia,GMB,2012,1905000
Gambia,GMB,2015,2086000
Georgia,GEO,2000,4362000
Georgia,GEO,2000,4362000
Georgia,GEO,2001,4297000
Georgia,GEO,2001,4297000
Georgia,GEO,2002,4259000
Georgia,GEO,2002,4259000
Georgia,GEO,2003,4239000
Georgia,GEO,2003,4239000
Georgia,GEO,2004,4226000
Georgia,GEO,2004,4226000
Georgia,GEO,2005,4210000
Georgia,GEO,2005,4210000
Georgia,GEO,2008,4143000
Georgia,GEO,2008,4143000
Georgia,GEO,2009,4119000
Georgia,GEO,2009,4119000
Georgia,GEO,2010,4099000
Georgia,GEO,2010,4099000
Georgia,GEO,2011,4081000
Georgia,GEO,2011,4081000
Georgia,GEO,2012,4064000
Georgia,GEO,2012,4064000
Georgia,GEO,2015,4024000
Georgia,GEO,2015,4024000
Germany,DEU,2000,81401000
Germany,DEU,2000,81401000
Germany,DEU,2001,81454000
Germany,DEU,2001,81454000
Germany,DEU,2002,81535000
Germany,DEU,2002,81535000
Germany,DEU,2003,81614000
Germany,DEU,2003,81614000
Germany,DEU,2004,81646000
Germany,DEU,2004,81646000
Germany,DEU,2005,81603000
Germany,DEU,2005,81603000
Germany,DEU,2008,81066000
Germany,DEU,2008,81066000
Germany,DEU,2009,80900000
Germany,DEU,2009,80900000
Germany,DEU,2010,80827000
Germany,DEU,2010,80827000
Germany,DEU,2011,80856000
Germany,DEU,2011,80856000
Germany,DEU,2012,80973000
Germany,DEU,2012,80973000
Germany,DEU,2015,81787000
Germany,DEU,2015,81787000
Ghana,GHA,2000,19279000
Ghana,GHA,2001,19757000
Ghana,GHA,2002,20246000
Ghana,GHA,2003,20750000
Ghana,GHA,2004,21272000
Ghana,GHA,2005,21815000
Ghana,GHA,2008,23564000
Ghana,GHA,2009,24171000
Ghana,GHA,2010,24780000
Ghana,GHA,2011,25388000
Ghana,GHA,2012,25996000
Ghana,GHA,2015,27849000
Greece,GRC,2000,11082000
Greece,GRC,2000,11082000
Greece,GRC,2001,11134000
Greece,GRC,2001,11134000
Greece,GRC,2002,11182000
Greece,GRC,2002,11182000
Greece,GRC,2003,11219000
Greece,GRC,2003,11219000
Greece,GRC,2004,11235000
Greece,GRC,2004,11235000
Greece,GRC,2005,11225000
Greece,GRC,2005,11225000
Greece,GRC,2008,11040000
Greece,GRC,2008,11040000
Greece,GRC,2009,10959000
Greece,GRC,2009,10959000
Greece,GRC,2010,10888000
Greece,GRC,2010,10888000
Greece,GRC,2011,10829000
Greece,GRC,2011,10829000
Greece,GRC,2012,10781000
Greece,GRC,2012,10781000
Greece,GRC,2015,10660000
Greece,GRC,2015,10660000
Grenada,GRD,2000,103000
Grenada,GRD,2001,103000
Grenada,GRD,2002,104000
Grenada,GRD,2003,104000
Grenada,GRD,2004,104000
Grenada,GRD,2005,105000
Grenada,GRD,2008,105000
Grenada,GRD,2009,106000
Grenada,GRD,2010,106000
Grenada,GRD,2011,107000
Grenada,GRD,2012,107000
Grenada,GRD,2015,110000
Guatemala,GTM,2000,11651000
Guatemala,GTM,2001,11925000
Guatemala,GTM,2002,12209000
Guatemala,GTM,2003,12500000
Guatemala,GTM,2004,12797000
Guatemala,GTM,2005,13096000
Guatemala,GTM,2008,14006000
Guatemala,GTM,2009,14316000
Guatemala,GTM,2010,14630000
Guatemala,GTM,2011,14949000
Guatemala,GTM,2012,15271000
Guatemala,GTM,2015,16252000
Haiti,HTI,2000,8464000
Haiti,HTI,2001,8609000
Haiti,HTI,2002,8754000
Haiti,HTI,2003,8900000
Haiti,HTI,2004,9047000
Haiti,HTI,2005,9195000
Haiti,HTI,2008,9647000
Haiti,HTI,2009,9798000
Haiti,HTI,2010,9949000
Haiti,HTI,2011,10100000
Haiti,HTI,2012,10251000
Haiti,HTI,2015,10696000
Honduras,HND,2000,6575000
Honduras,HND,2001,6752000
Honduras,HND,2002,6929000
Honduras,HND,2003,7106000
Honduras,HND,2004,7283000
Honduras,HND,2005,7459000
Honduras,HND,2008,7981000
Honduras,HND,2009,8151000
Honduras,HND,2010,8317000
Honduras,HND,2011,8481000
Honduras,HND,2012,8641000
Honduras,HND,2015,9113000
Hungary,HUN,2000,10221000
Hungary,HUN,2000,10221000
Hungary,HUN,2001,10193000
Hungary,HUN,2001,10193000
Hungary,HUN,2002,10167000
Hungary,HUN,2002,10167000
Hungary,HUN,2003,10141000
Hungary,HUN,2003,10141000
Hungary,HUN,2004,10114000
Hungary,HUN,2004,10114000
Hungary,HUN,2005,10086000
Hungary,HUN,2005,10086000
Hungary,HUN,2008,9992000
Hungary,HUN,2008,9992000
Hungary,HUN,2009,9959000
Hungary,HUN,2009,9959000
Hungary,HUN,2010,9927000
Hungary,HUN,2010,9927000
Hungary,HUN,2011,9896000
Hungary,HUN,2011,9896000
Hungary,HUN,2012,9864000
Hungary,HUN,2012,9864000
Hungary,HUN,2015,9778000
Hungary,HUN,2015,9778000
Iceland,ISL,2000,280000
Iceland,ISL,2000,280000
Iceland,ISL,2001,283000
Iceland,ISL,2001,283000
Iceland,ISL,2002,285000
Iceland,ISL,2002,285000
Iceland,ISL,2003,288000
Iceland,ISL,2003,288000
Iceland,ISL,2004,291000
Iceland,ISL,2004,291000
Iceland,ISL,2005,295000
Iceland,ISL,2005,295000
Iceland,ISL,2008,311000
Iceland,ISL,2008,311000
Iceland,ISL,2009,316000
Iceland,ISL,2009,316000
Iceland,ISL,2010,320000
Iceland,ISL,2010,320000
Iceland,ISL,2011,323000
Iceland,ISL,2011,323000
Iceland,ISL,2012,326000
Iceland,ISL,2012,326000
Iceland,ISL,2015,330000
Iceland,ISL,2015,330000
India,IND,2000,1056576000
India,IND,2000,1056576000
India,IND,2001,1075000000
India,IND,2001,1075000000
India,IND,2002,1093317000
India,IND,2002,1093317000
India,IND,2003,1111523000
India,IND,2003,1111523000
India,IND,2004,1129623000
India,IND,2004,1129623000
India,IND,2005,1147610000
India,IND,2005,1147610000
India,IND,2008,1200670000
India,IND,2008,1200670000
India,IND,2009,1217726000
India,IND,2009,1217726000
India,IND,2010,1234281000
India,IND,2010,1234281000
India,IND,2011,1250288000
India,IND,2011,1250288000
India,IND,2012,1265780000
India,IND,2012,1265780000
India,IND,2015,1310152000
India,IND,2015,1310152000
Indonesia,IDN,2000,211514000
Indonesia,IDN,2001,214427000
Indonesia,IDN,2002,217358000
Indonesia,IDN,2003,220309000
Indonesia,IDN,2004,223286000
Indonesia,IDN,2005,226289000
Indonesia,IDN,2008,235470000
Indonesia,IDN,2009,238621000
Indonesia,IDN,2010,241834000
Indonesia,IDN,2011,245116000
Indonesia,IDN,2012,248452000
Indonesia,IDN,2015,258383000
Iran,IRN,2000,65623000
Iran,IRN,2001,66449000
Iran,IRN,2002,67285000
Iran,IRN,2003,68123000
Iran,IRN,2004,68951000
Iran,IRN,2005,69762000
Iran,IRN,2008,72121000
Iran,IRN,2009,72925000
Iran,IRN,2010,73763000
Iran,IRN,2011,74635000
Iran,IRN,2012,75540000
Iran,IRN,2015,78492000
Iraq,IRQ,2000,23498000
Iraq,IRQ,2001,24208000
Iraq,IRQ,2002,24932000
Iraq,IRQ,2003,25645000
Iraq,IRQ,2004,26314000
Iraq,IRQ,2005,26922000
Iraq,IRQ,2008,28386000
Iraq,IRQ,2009,28973000
Iraq,IRQ,2010,29742000
Iraq,IRQ,2011,30725000
Iraq,IRQ,2012,31890000
Iraq,IRQ,2015,35572000
Ireland,IRL,2000,3783000
Ireland,IRL,2000,3783000
Ireland,IRL,2001,3842000
Ireland,IRL,2001,3842000
Ireland,IRL,2002,3908000
Ireland,IRL,2002,3908000
Ireland,IRL,2003,3980000
Ireland,IRL,2003,3980000
Ireland,IRL,2004,4058000
Ireland,IRL,2004,4058000
Ireland,IRL,2005,4141000
Ireland,IRL,2005,4141000
Ireland,IRL,2008,4416000
Ireland,IRL,2008,4416000
Ireland,IRL,2009,4495000
Ireland,IRL,2009,4495000
Ireland,IRL,2010,4554000
Ireland,IRL,2010,4554000
Ireland,IRL,2011,4591000
Ireland,IRL,2011,4591000
Ireland,IRL,2012,4608000
Ireland,IRL,2012,4608000
Ireland,IRL,2015,4652000
Ireland,IRL,2015,4652000
Israel,ISR,2000,5946000
Israel,ISR,2000,5946000
Israel,ISR,2001,6061000
Israel,ISR,2001,6061000
Israel,ISR,2002,6169000
Israel,ISR,2002,6169000
Israel,ISR,2003,6278000
Israel,ISR,2003,6278000
Israel,ISR,2004,6397000
Israel,ISR,2004,6397000
Israel,ISR,2005,6529000
Israel,ISR,2005,6529000
Israel,ISR,2008,7021000
Israel,ISR,2008,7021000
Israel,ISR,2009,7190000
Israel,ISR,2009,7190000
Israel,ISR,2010,7346000
Israel,ISR,2010,7346000
Israel,ISR,2011,7487000
Israel,ISR,2011,7487000
Israel,ISR,2012,7615000
Israel,ISR,2012,7615000
Israel,ISR,2015,7978000
Israel,ISR,2015,7978000
Italy,ITA,2000,56692000
Italy,ITA,2000,56692000
Italy,ITA,2001,56875000
Italy,ITA,2001,56875000
Italy,ITA,2002,57183000
Italy,ITA,2002,57183000
Italy,ITA,2003,57565000
Italy,ITA,2003,57565000
Italy,ITA,2004,57948000
Italy,ITA,2004,57948000
Italy,ITA,2005,58281000
Italy,ITA,2005,58281000
Italy,ITA,2008,58922000
Italy,ITA,2008,58922000
Italy,ITA,2009,59106000
Italy,ITA,2009,59106000
Italy,ITA,2010,59325000
Italy,ITA,2010,59325000
Italy,ITA,2011,59589000
Italy,ITA,2011,59589000
Italy,ITA,2012,59879000
Italy,ITA,2012,59879000
Italy,ITA,2015,60578000
Italy,ITA,2015,60578000
Jamaica,JAM,2000,2655000
Jamaica,JAM,2001,2675000
Jamaica,JAM,2002,2693000
Jamaica,JAM,2003,2709000
Jamaica,JAM,2004,2725000
Jamaica,JAM,2005,2740000
Jamaica,JAM,2008,2782000
Jamaica,JAM,2009,2796000
Jamaica,JAM,2010,2810000
Jamaica,JAM,2011,2826000
Jamaica,JAM,2012,2842000
Jamaica,JAM,2015,2891000
Japan,JPN,2000,127524000
Japan,JPN,2000,127524000
Japan,JPN,2001,127714000
Japan,JPN,2001,127714000
Japan,JPN,2002,127893000
Japan,JPN,2002,127893000
Japan,JPN,2003,128058000
Japan,JPN,2003,128058000
Japan,JPN,2004,128204000
Japan,JPN,2004,128204000
Japan,JPN,2005,128326000
Japan,JPN,2005,128326000
Japan,JPN,2008,128539000
Japan,JPN,2008,128539000
Japan,JPN,2009,128555000
Japan,JPN,2009,128555000
Japan,JPN,2010,128542000
Japan,JPN,2010,128542000
Japan,JPN,2011,128499000
Japan,JPN,2011,128499000
Japan,JPN,2012,128424000
Japan,JPN,2012,128424000
Japan,JPN,2015,127985000
Japan,JPN,2015,127985000
Jordan,JOR,2000,5122000
Jordan,JOR,2001,5217000
Jordan,JOR,2002,5318000
Jordan,JOR,2003,5434000
Jordan,JOR,2004,5580000
Jordan,JOR,2005,5766000
Jordan,JOR,2008,6556000
Jordan,JOR,2009,6893000
Jordan,JOR,2010,7262000
Jordan,JOR,2011,7663000
Jordan,JOR,2012,8090000
Jordan,JOR,2015,9267000
Kazakhstan,KAZ,2000,14923000
Kazakhstan,KAZ,2000,14923000
Kazakhstan,KAZ,2001,14910000
Kazakhstan,KAZ,2001,14910000
Kazakhstan,KAZ,2002,14976000
Kazakhstan,KAZ,2002,14976000
Kazakhstan,KAZ,2003,15100000
Kazakhstan,KAZ,2003,15100000
Kazakhstan,KAZ,2004,15250000
Kazakhstan,KAZ,2004,15250000
Kazakhstan,KAZ,2005,15403000
Kazakhstan,KAZ,2005,15403000
Kazakhstan,KAZ,2008,15862000
Kazakhstan,KAZ,2008,15862000
Kazakhstan,KAZ,2009,16043000
Kazakhstan,KAZ,2009,16043000
Kazakhstan,KAZ,2010,16252000
Kazakhstan,KAZ,2010,16252000
Kazakhstan,KAZ,2011,16491000
Kazakhstan,KAZ,2011,16491000
Kazakhstan,KAZ,2012,16752000
Kazakhstan,KAZ,2012,16752000
Kazakhstan,KAZ,2015,17572000
Kazakhstan,KAZ,2015,17572000
Kenya,KEN,2000,31965000
Kenya,KEN,2001,32849000
Kenya,KEN,2002,33752000
Kenya,KEN,2003,34679000
Kenya,KEN,2004,35635000
Kenya,KEN,2005,36625000
Kenya,KEN,2008,39792000
Kenya,KEN,2009,40902000
Kenya,KEN,2010,42031000
Kenya,KEN,2011,43178000
Kenya,KEN,2012,44343000
Kenya,KEN,2015,47878000
Kuwait,KWT,2000,2045000
Kuwait,KWT,2001,2103000
Kuwait,KWT,2002,2137000
Kuwait,KWT,2003,2162000
Kuwait,KWT,2004,2200000
Kuwait,KWT,2005,2270000
Kuwait,KWT,2008,2656000
Kuwait,KWT,2009,2821000
Kuwait,KWT,2010,2992000
Kuwait,KWT,2011,3168000
Kuwait,KWT,2012,3349000
Kuwait,KWT,2015,3836000
Kyrgyzstan,KGZ,2000,4921000
Kyrgyzstan,KGZ,2001,4963000
Kyrgyzstan,KGZ,2002,4991000
Kyrgyzstan,KGZ,2003,5014000
Kyrgyzstan,KGZ,2004,5039000
Kyrgyzstan,KGZ,2005,5075000
Kyrgyzstan,KGZ,2008,5255000
Kyrgyzstan,KGZ,2009,5335000
Kyrgyzstan,KGZ,2010,5422000
Kyrgyzstan,KGZ,2011,5518000
Kyrgyzstan,KGZ,2012,5622000
Kyrgyzstan,KGZ,2015,5959000
Laos,LAO,2000,5324000
Laos,LAO,2001,5410000
Laos,LAO,2002,5493000
Laos,LAO,2003,5577000
Laos,LAO,2004,5662000
Laos,LAO,2005,5752000
Laos,LAO,2008,6047000
Laos,LAO,2009,6149000
Laos,LAO,2010,6249000
Laos,LAO,2011,6348000
Laos,LAO,2012,6445000
Laos,LAO,2015,6741000
Latvia,LVA,2000,2384000
Latvia,LVA,2000,2384000
Latvia,LVA,2001,2359000
Latvia,LVA,2001,2359000
Latvia,LVA,2002,2333000
Latvia,LVA,2002,2333000
Latvia,LVA,2003,2306000
Latvia,LVA,2003,2306000
Latvia,LVA,2004,2279000
Latvia,LVA,2004,2279000
Latvia,LVA,2005,2252000
Latvia,LVA,2005,2252000
Latvia,LVA,2008,2171000
Latvia,LVA,2008,2171000
Latvia,LVA,2009,2145000
Latvia,LVA,2009,2145000
Latvia,LVA,2010,2119000
Latvia,LVA,2010,2119000
Latvia,LVA,2011,2094000
Latvia,LVA,2011,2094000
Latvia,LVA,2012,2069000
Latvia,LVA,2012,2069000
Latvia,LVA,2015,1998000
Latvia,LVA,2015,1998000
Lebanon,LBN,2000,3843000
Lebanon,LBN,2001,3991000
Lebanon,LBN,2002,4182000
Lebanon,LBN,2003,4388000
Lebanon,LBN,2004,4569000
Lebanon,LBN,2005,4699000
Lebanon,LBN,2008,4765000
Lebanon,LBN,2009,4813000
Lebanon,LBN,2010,4953000
Lebanon,LBN,2011,5202000
Lebanon,LBN,2012,5538000
Lebanon,LBN,2015,6533000
Lesotho,LSO,2000,2033000
Lesotho,LSO,2001,2036000
Lesotho,LSO,2002,2030000
Lesotho,LSO,2003,2018000
Lesotho,LSO,2004,2006000
Lesotho,LSO,2005,1996000
Lesotho,LSO,2008,1987000
Lesotho,LSO,2009,1990000
Lesotho,LSO,2010,1996000
Lesotho,LSO,2011,2004000
Lesotho,LSO,2012,2015000
Lesotho,LSO,2015,2059000
Liberia,LBR,2000,2848000
Liberia,LBR,2001,2954000
Liberia,LBR,2002,3025000
Liberia,LBR,2003,3077000
Liberia,LBR,2004,3136000
Liberia,LBR,2005,3218000
Liberia,LBR,2008,3608000
Liberia,LBR,2009,3754000
Liberia,LBR,2010,3891000
Liberia,LBR,2011,4017000
Liberia,LBR,2012,4136000
Liberia,LBR,2015,4472000
Lithuania,LTU,2000,3502000
Lithuania,LTU,2000,3502000
Lithuania,LTU,2001,3474000
Lithuania,LTU,2001,3474000
Lithuania,LTU,2002,3445000
Lithuania,LTU,2002,3445000
Lithuania,LTU,2003,3414000
Lithuania,LTU,2003,3414000
Lithuania,LTU,2004,3381000
Lithuania,LTU,2004,3381000
Lithuania,LTU,2005,3344000
Lithuania,LTU,2005,3344000
Lithuania,LTU,2008,3213000
Lithuania,LTU,2008,3213000
Lithuania,LTU,2009,3167000
Lithuania,LTU,2009,3167000
Lithuania,LTU,2010,3124000
Lithuania,LTU,2010,3124000
Lithuania,LTU,2011,3083000
Lithuania,LTU,2011,3083000
Lithuania,LTU,2012,3046000
Lithuania,LTU,2012,3046000
Lithuania,LTU,2015,2932000
Lithuania,LTU,2015,2932000
Luxembourg,LUX,2000,436000
Luxembourg,LUX,2001,440000
Luxembourg,LUX,2002,444000
Luxembourg,LUX,2003,447000
Luxembourg,LUX,2004,452000
Luxembourg,LUX,2005,458000
Luxembourg,LUX,2008,485000
Luxembourg,LUX,2009,497000
Luxembourg,LUX,2010,508000
Luxembourg,LUX,2011,519000
Luxembourg,LUX,2012,531000
Luxembourg,LUX,2015,567000
Malaysia,MYS,2000,23194000
Malaysia,MYS,2001,23709000
Malaysia,MYS,2002,24208000
Malaysia,MYS,2003,24699000
Malaysia,MYS,2004,25191000
Malaysia,MYS,2005,25691000
Malaysia,MYS,2008,27236000
Malaysia,MYS,2009,27735000
Malaysia,MYS,2010,28208000
Malaysia,MYS,2011,28651000
Malaysia,MYS,2012,29068000
Malaysia,MYS,2015,30271000
Maldives,MDV,2000,279000
Maldives,MDV,2001,286000
Maldives,MDV,2002,294000
Maldives,MDV,2003,303000
Maldives,MDV,2004,311000
Maldives,MDV,2005,320000
Maldives,MDV,2008,343000
Maldives,MDV,2009,353000
Maldives,MDV,2010,366000
Maldives,MDV,2011,380000
Maldives,MDV,2012,397000
Maldives,MDV,2015,455000
Malta,MLT,2000,394000
Malta,MLT,2001,396000
Malta,MLT,2002,399000
Malta,MLT,2003,401000
Malta,MLT,2004,403000
Malta,MLT,2005,405000
Malta,MLT,2008,409000
Malta,MLT,2009,412000
Malta,MLT,2010,414000
Malta,MLT,2011,418000
Malta,MLT,2012,422000
Malta,MLT,2015,434000
Mauritania,MRT,2000,2630000
Mauritania,MRT,2001,2702000
Mauritania,MRT,2002,2778000
Mauritania,MRT,2003,2857000
Mauritania,MRT,2004,2939000
Mauritania,MRT,2005,3024000
Mauritania,MRT,2008,3296000
Mauritania,MRT,2009,3393000
Mauritania,MRT,2010,3494000
Mauritania,MRT,2011,3599000
Mauritania,MRT,2012,3707000
Mauritania,MRT,2015,4046000
Mexico,MEX,2000,98900000
Mexico,MEX,2000,98900000
Mexico,MEX,2001,100298000
Mexico,MEX,2001,100298000
Mexico,MEX,2002,101685000
Mexico,MEX,2002,101685000
Mexico,MEX,2003,103081000
Mexico,MEX,2003,103081000
Mexico,MEX,2004,104515000
Mexico,MEX,2004,104515000
Mexico,MEX,2005,106005000
Mexico,MEX,2005,106005000
Mexico,MEX,2008,110815000
Mexico,MEX,2008,110815000
Mexico,MEX,2009,112464000
Mexico,MEX,2009,112464000
Mexico,MEX,2010,114093000
Mexico,MEX,2010,114093000
Mexico,MEX,2011,115695000
Mexico,MEX,2011,115695000
Mexico,MEX,2012,117274000
Mexico,MEX,2012,117274000
Mexico,MEX,2015,121858000
Mexico,MEX,2015,121858000
Moldova,MDA,2000,4203000
Moldova,MDA,2001,4187000
Moldova,MDA,2002,4178000
Moldova,MDA,2003,4173000
Moldova,MDA,2004,4168000
Moldova,MDA,2005,4159000
Moldova,MDA,2008,4113000
Moldova,MDA,2009,4098000
Moldova,MDA,2010,4086000
Moldova,MDA,2011,4079000
Moldova,MDA,2012,4076000
Moldova,MDA,2015,4071000
Mongolia,MNG,2000,2397000
Mongolia,MNG,2001,2420000
Mongolia,MNG,2002,2443000
Mongolia,MNG,2003,2469000
Mongolia,MNG,2004,2496000
Mongolia,MNG,2005,2526000
Mongolia,MNG,2008,2632000
Mongolia,MNG,2009,2674000
Mongolia,MNG,2010,2720000
Mongolia,MNG,2011,2770000
Mongolia,MNG,2012,2825000
Mongolia,MNG,2015,2998000
Montenegro,MNE,2000,614000
Montenegro,MNE,2001,613000
Montenegro,MNE,2002,613000
Montenegro,MNE,2003,614000
Montenegro,MNE,2004,615000
Montenegro,MNE,2005,616000
Montenegro,MNE,2008,621000
Montenegro,MNE,2009,623000
Montenegro,MNE,2010,624000
Montenegro,MNE,2011,625000
Montenegro,MNE,2012,626000
Montenegro,MNE,2015,627000
Morocco,MAR,2000,28794000
Morocco,MAR,2001,29126000
Morocco,MAR,2002,29455000
Morocco,MAR,2003,29783000
Morocco,MAR,2004,30115000
Morocco,MAR,2005,30456000
Morocco,MAR,2008,31537000
Morocco,MAR,2009,31929000
Morocco,MAR,2010,32343000
Morocco,MAR,2011,32782000
Morocco,MAR,2012,33242000
Morocco,MAR,2015,34664000
Mozambique,MOZ,2000,17712000
Mozambique,MOZ,2001,18222000
Mozambique,MOZ,2002,18764000
Mozambique,MOZ,2003,19331000
Mozambique,MOZ,2004,19911000
Mozambique,MOZ,2005,20494000
Mozambique,MOZ,2008,22277000
Mozambique,MOZ,2009,22895000
Mozambique,MOZ,2010,23532000
Mozambique,MOZ,2011,24188000
Mozambique,MOZ,2012,24863000
Mozambique,MOZ,2015,27042000
Myanmar,MMR,2000,46720000
Myanmar,MMR,2001,47225000
Myanmar,MMR,2002,47702000
Myanmar,MMR,2003,48149000
Myanmar,MMR,2004,48564000
Myanmar,MMR,2005,48950000
Myanmar,MMR,2008,49930000
Myanmar,MMR,2009,50250000
Myanmar,MMR,2010,50601000
Myanmar,MMR,2011,50991000
Myanmar,MMR,2012,51414000
Myanmar,MMR,2015,52681000
Namibia,NAM,2000,1795000
Namibia,NAM,2001,1824000
Namibia,NAM,2002,1852000
Namibia,NAM,2003,1879000
Namibia,NAM,2004,1908000
Namibia,NAM,2005,1938000
Namibia,NAM,2008,2043000
Namibia,NAM,2009,2081000
Namibia,NAM,2010,2119000
Namibia,NAM,2011,2157000
Namibia,NAM,2012,2195000
Namibia,NAM,2015,2315000
Nepal,NPL,2000,23941000
Nepal,NPL,2001,24347000
Nepal,NPL,2002,24726000
Nepal,NPL,2003,25081000
Nepal,NPL,2004,25419000
Nepal,NPL,2005,25745000
Nepal,NPL,2008,26667000
Nepal,NPL,2009,26884000
Nepal,NPL,2010,27013000
Nepal,NPL,2011,27041000
Nepal,NPL,2012,26989000
Nepal,NPL,2015,27015000
Netherlands,NLD,2000,15926000
Netherlands,NLD,2000,15926000
Netherlands,NLD,2001,16018000
Netherlands,NLD,2001,16018000
Netherlands,NLD,2002,16110000
Netherlands,NLD,2002,16110000
Netherlands,NLD,2003,16201000
Netherlands,NLD,2003,16201000
Netherlands,NLD,2004,16287000
Netherlands,NLD,2004,16287000
Netherlands,NLD,2005,16367000
Netherlands,NLD,2005,16367000
Netherlands,NLD,2008,16568000
Netherlands,NLD,2008,16568000
Netherlands,NLD,2009,16626000
Netherlands,NLD,2009,16626000
Netherlands,NLD,2010,16683000
Netherlands,NLD,2010,16683000
Netherlands,NLD,2011,16738000
Netherlands,NLD,2011,16738000
Netherlands,NLD,2012,16792000
Netherlands,NLD,2012,16792000
Netherlands,NLD,2015,16938000
Netherlands,NLD,2015,16938000
New Zealand,NZL,2000,3859000
New Zealand,NZL,2000,3859000
New Zealand,NZL,2001,3908000
New Zealand,NZL,2001,3908000
New Zealand,NZL,2002,3963000
New Zealand,NZL,2002,3963000
New Zealand,NZL,2003,4022000
New Zealand,NZL,2003,4022000
New Zealand,NZL,2004,4080000
New Zealand,NZL,2004,4080000
New Zealand,NZL,2005,4135000
New Zealand,NZL,2005,4135000
New Zealand,NZL,2008,4278000
New Zealand,NZL,2008,4278000
New Zealand,NZL,2009,4323000
New Zealand,NZL,2009,4323000
New Zealand,NZL,2010,4370000
New Zealand,NZL,2010,4370000
New Zealand,NZL,2011,4419000
New Zealand,NZL,2011,4419000
New Zealand,NZL,2012,4468000
New Zealand,NZL,2012,4468000
New Zealand,NZL,2015,4615000
New Zealand,NZL,2015,4615000
Nicaragua,NIC,2000,5069000
Nicaragua,NIC,2001,5145000
Nicaragua,NIC,2002,5219000
Nicaragua,NIC,2003,5292000
Nicaragua,NIC,2004,5365000
Nicaragua,NIC,2005,5439000
Nicaragua,NIC,2008,5667000
Nicaragua,NIC,2009,5746000
Nicaragua,NIC,2010,5824000
Nicaragua,NIC,2011,5903000
Nicaragua,NIC,2012,5983000
Nicaragua,NIC,2015,6223000
Niger,NER,2000,11332000
Niger,NER,2001,11751000
Niger,NER,2002,12190000
Niger,NER,2003,12648000
Niger,NER,2004,13126000
Niger,NER,2005,13624000
Niger,NER,2008,15251000
Niger,NER,2009,15843000
Niger,NER,2010,16464000
Niger,NER,2011,17115000
Niger,NER,2012,17795000
Niger,NER,2015,20002000
Nigeria,NGA,2000,122284000
Nigeria,NGA,2001,125394000
Nigeria,NGA,2002,128596000
Nigeria,NGA,2003,131901000
Nigeria,NGA,2004,135320000
Nigeria,NGA,2005,138865000
Nigeria,NGA,2008,150270000
Nigeria,NGA,2009,154325000
Nigeria,NGA,2010,158503000
Nigeria,NGA,2011,162805000
Nigeria,NGA,2012,167229000
Nigeria,NGA,2015,181137000
Norway,NOR,2000,4499000
Norway,NOR,2000,4499000
Norway,NOR,2001,4523000
Norway,NOR,2001,4523000
Norway,NOR,2002,4546000
Norway,NOR,2002,4546000
Norway,NOR,2003,4570000
Norway,NOR,2003,4570000
Norway,NOR,2004,4598000
Norway,NOR,2004,4598000
Norway,NOR,2005,4632000
Norway,NOR,2005,4632000
Norway,NOR,2008,4771000
Norway,NOR,2008,4771000
Norway,NOR,2009,4827000
Norway,NOR,2009,4827000
Norway,NOR,2010,4886000
Norway,NOR,2010,4886000
Norway,NOR,2011,4948000
Norway,NOR,2011,4948000
Norway,NOR,2012,5014000
Norway,NOR,2012,5014000
Norway,NOR,2015,5200000
Norway,NOR,2015,5200000
Oman,OMN,2000,2268000
Oman,OMN,2001,2295000
Oman,OMN,2002,2335000
Oman,OMN,2003,2386000
Oman,OMN,2004,2446000
Oman,OMN,2005,2511000
Oman,OMN,2008,2751000
Oman,OMN,2009,2876000
Oman,OMN,2010,3041000
Oman,OMN,2011,3251000
Oman,OMN,2012,3498000
Oman,OMN,2015,4267000
Pakistan,PAK,2000,142344000
Pakistan,PAK,2001,145978000
Pakistan,PAK,2002,149550000
Pakistan,PAK,2003,153093000
Pakistan,PAK,2004,156665000
Pakistan,PAK,2005,160304000
Pakistan,PAK,2008,171649000
Pakistan,PAK,2009,175526000
Pakistan,PAK,2010,179425000
Pakistan,PAK,2011,183340000
Pakistan,PAK,2012,187280000
Pakistan,PAK,2015,199427000
Palestine,PSE,2000,3224000
Palestine,PSE,2001,3310000
Palestine,PSE,2002,3380000
Palestine,PSE,2003,3442000
Palestine,PSE,2004,3505000
Palestine,PSE,2005,3578000
Palestine,PSE,2008,3857000
Palestine,PSE,2009,3958000
Palestine,PSE,2010,4056000
Palestine,PSE,2011,4150000
Palestine,PSE,2012,4242000
Palestine,PSE,2015,4529000
Panama,PAN,2000,3030000
Panama,PAN,2001,3090000
Panama,PAN,2002,3149000
Panama,PAN,2003,3209000
Panama,PAN,2004,3269000
Panama,PAN,2005,3330000
Panama,PAN,2008,3516000
Panama,PAN,2009,3579000
Panama,PAN,2010,3643000
Panama,PAN,2011,3706000
Panama,PAN,2012,3771000
Panama,PAN,2015,3968000
Paraguay,PRY,2000,5323000
Paraguay,PRY,2001,5428000
Paraguay,PRY,2002,5532000
Paraguay,PRY,2003,5633000
Paraguay,PRY,2004,5731000
Paraguay,PRY,2005,5824000
Paraguay,PRY,2008,6081000
Paraguay,PRY,2009,6164000
Paraguay,PRY,2010,6248000
Paraguay,PRY,2011,6334000
Paraguay,PRY,2012,6422000
Paraguay,PRY,2015,6689000
Peru,PER,2000,26460000
Peru,PER,2001,26799000
Peru,PER,2002,27101000
Peru,PER,2003,27372000
Peru,PER,2004,27624000
Peru,PER,2005,27866000
Peru,PER,2008,28562000
Peru,PER,2009,28793000
Peru,PER,2010,29028000
Peru,PER,2011,29264000
Peru,PER,2012,29507000
Peru,PER,2015,30471000
Philippines,PHL,2000,77992000
Philippines,PHL,2001,79673000
Philippines,PHL,2002,81365000
Philippines,PHL,2003,83052000
Philippines,PHL,2004,84711000
Philippines,PHL,2005,86326000
Philippines,PHL,2008,90902000
Philippines,PHL,2009,92414000
Philippines,PHL,2010,93967000
Philippines,PHL,2011,95570000
Philippines,PHL,2012,97213000
Philippines,PHL,2015,102113000
Poland,POL,2000,38557000
Poland,POL,2000,38557000
Poland,POL,2001,38530000
Poland,POL,2001,38530000
Poland,POL,2002,38489000
Poland,POL,2002,38489000
Poland,POL,2003,38442000
Poland,POL,2003,38442000
Poland,POL,2004,38400000
Poland,POL,2004,38400000
Poland,POL,2005,38369000
Poland,POL,2005,38369000
Poland,POL,2008,38357000
Poland,POL,2008,38357000
Poland,POL,2009,38352000
Poland,POL,2009,38352000
Poland,POL,2010,38330000
Poland,POL,2010,38330000
Poland,POL,2011,38287000
Poland,POL,2011,38287000
Poland,POL,2012,38227000
Poland,POL,2012,38227000
Poland,POL,2015,38034000
Poland,POL,2015,38034000
Portugal,PRT,2000,10297000
Portugal,PRT,2000,10297000
Portugal,PRT,2001,10341000
Portugal,PRT,2001,10341000
Portugal,PRT,2002,10386000
Portugal,PRT,2002,10386000
Portugal,PRT,2003,10430000
Portugal,PRT,2003,10430000
Portugal,PRT,2004,10471000
Portugal,PRT,2004,10471000
Portugal,PRT,2005,10508000
Portugal,PRT,2005,10508000
Portugal,PRT,2008,10595000
Portugal,PRT,2008,10595000
Portugal,PRT,2009,10604000
Portugal,PRT,2009,10604000
Portugal,PRT,2010,10596000
Portugal,PRT,2010,10596000
Portugal,PRT,2011,10569000
Portugal,PRT,2011,10569000
Portugal,PRT,2012,10526000
Portugal,PRT,2012,10526000
Portugal,PRT,2015,10368000
Portugal,PRT,2015,10368000
Qatar,QAT,2000,592000
Qatar,QAT,2001,615000
Qatar,QAT,2002,641000
Qatar,QAT,2003,682000
Qatar,QAT,2004,753000
Qatar,QAT,2005,865000
Qatar,QAT,2008,1437000
Qatar,QAT,2009,1655000
Qatar,QAT,2010,1856000
Qatar,QAT,2011,2036000
Qatar,QAT,2012,2196000
Qatar,QAT,2015,2566000
Romania,ROU,2000,22137000
Romania,ROU,2001,21989000
Romania,ROU,2002,21853000
Romania,ROU,2003,21720000
Romania,ROU,2004,21578000
Romania,ROU,2005,21417000
Romania,ROU,2008,20830000
Romania,ROU,2009,20638000
Romania,ROU,2010,20472000
Romania,ROU,2011,20337000
Romania,ROU,2012,20227000
Romania,ROU,2015,19925000
Russia,RUS,2000,146405000
Russia,RUS,2000,146405000
Russia,RUS,2001,145831000
Russia,RUS,2001,145831000
Russia,RUS,2002,145216000
Russia,RUS,2002,145216000
Russia,RUS,2003,144611000
Russia,RUS,2003,144611000
Russia,RUS,2004,144081000
Russia,RUS,2004,144081000
Russia,RUS,2005,143672000
Russia,RUS,2005,143672000
Russia,RUS,2008,143249000
Russia,RUS,2008,143249000
Russia,RUS,2009,143327000
Russia,RUS,2009,143327000
Russia,RUS,2010,143479000
Russia,RUS,2010,143479000
Russia,RUS,2011,143703000
Russia,RUS,2011,143703000
Russia,RUS,2012,143994000
Russia,RUS,2012,143994000
Russia,RUS,2015,144985000
Russia,RUS,2015,144985000
Rwanda,RWA,2000,7934000
Rwanda,RWA,2001,8231000
Rwanda,RWA,2002,8427000
Rwanda,RWA,2003,8557000
Rwanda,RWA,2004,8681000
Rwanda,RWA,2005,8840000
Rwanda,RWA,2008,9525000
Rwanda,RWA,2009,9783000
Rwanda,RWA,2010,10039000
Rwanda,RWA,2011,10293000
Rwanda,RWA,2012,10550000
Rwanda,RWA,2015,11369000
Saudi Arabia,SAU,2000,20664000
Saudi Arabia,SAU,2001,21203000
Saudi Arabia,SAU,2002,21805000
Saudi Arabia,SAU,2003,22457000
Saudi Arabia,SAU,2004,23133000
Saudi Arabia,SAU,2005,23816000
Saudi Arabia,SAU,2008,25889000
Saudi Arabia,SAU,2009,26630000
Saudi Arabia,SAU,2010,27421000
Saudi Arabia,SAU,2011,28268000
Saudi Arabia,SAU,2012,29155000
Saudi Arabia,SAU,2015,31718000
Senegal,SEN,2000,9798000
Senegal,SEN,2001,10036000
Senegal,SEN,2002,10284000
Senegal,SEN,2003,10541000
Senegal,SEN,2004,10810000
Senegal,SEN,2005,11090000
Senegal,SEN,2008,12005000
Senegal,SEN,2009,12335000
Senegal,SEN,2010,12678000
Senegal,SEN,2011,13034000
Senegal,SEN,2012,13402000
Senegal,SEN,2015,14578000
Serbia,SRB,2000,9488000
Serbia,SRB,2001,9411000
Serbia,SRB,2002,9346000
Serbia,SRB,2003,9292000
Serbia,SRB,2004,9243000
Serbia,SRB,2005,9194000
Serbia,SRB,2008,9060000
Serbia,SRB,2009,9023000
Serbia,SRB,2010,8991000
Serbia,SRB,2011,8964000
Serbia,SRB,2012,8940000
Serbia,SRB,2015,8877000
Sierra Leone,SLE,2000,4585000
Sierra Leone,SLE,2001,4754000
Sierra Leone,SLE,2002,4966000
Sierra Leone,SLE,2003,5201000
Sierra Leone,SLE,2004,5434000
Sierra Leone,SLE,2005,5646000
Sierra Leone,SLE,2008,6134000
Sierra Leone,SLE,2009,6273000
Sierra Leone,SLE,2010,6416000
Sierra Leone,SLE,2011,6563000
Sierra Leone,SLE,2012,6713000
Sierra Leone,SLE,2015,7172000
Singapore,SGP,2000,4029000
Singapore,SGP,2001,4077000
Singapore,SGP,2002,4104000
Singapore,SGP,2003,4129000
Singapore,SGP,2004,4177000
Singapore,SGP,2005,4266000
Singapore,SGP,2008,4776000
Singapore,SGP,2009,4967000
Singapore,SGP,2010,5131000
Singapore,SGP,2011,5264000
Singapore,SGP,2012,5369000
Singapore,SGP,2015,5592000
Slovakia,SVK,2000,5399000
Slovakia,SVK,2001,5400000
Slovakia,SVK,2002,5400000
Slovakia,SVK,2003,5400000
Slovakia,SVK,2004,5399000
Slovakia,SVK,2005,5399000
Slovakia,SVK,2008,5399000
Slovakia,SVK,2009,5401000
Slovakia,SVK,2010,5404000
Slovakia,SVK,2011,5409000
Slovakia,SVK,2012,5415000
Slovakia,SVK,2015,5436000
Slovenia,SVN,2000,1988000
Slovenia,SVN,2000,1988000
Slovenia,SVN,2001,1987000
Slovenia,SVN,2001,1987000
Slovenia,SVN,2002,1987000
Slovenia,SVN,2002,1987000
Slovenia,SVN,2003,1988000
Slovenia,SVN,2003,1988000
Slovenia,SVN,2004,1990000
Slovenia,SVN,2004,1990000
Slovenia,SVN,2005,1995000
Slovenia,SVN,2005,1995000
Slovenia,SVN,2008,2023000
Slovenia,SVN,2008,2023000
Slovenia,SVN,2009,2034000
Slovenia,SVN,2009,2034000
Slovenia,SVN,2010,2043000
Slovenia,SVN,2010,2043000
Slovenia,SVN,2011,2051000
Slovenia,SVN,2011,2051000
Slovenia,SVN,2012,2058000
Slovenia,SVN,2012,2058000
Slovenia,SVN,2015,2071000
Slovenia,SVN,2015,2071000
South Africa,ZAF,2000,44968000
South Africa,ZAF,2001,45571000
South Africa,ZAF,2002,46151000
South Africa,ZAF,2003,46719000
South Africa,ZAF,2004,47292000
South Africa,ZAF,2005,47881000
South Africa,ZAF,2008,49779000
South Africa,ZAF,2009,50477000
South Africa,ZAF,2010,51217000
South Africa,ZAF,2011,52004000
South Africa,ZAF,2012,52833000
South Africa,ZAF,2015,55386000
South Korea,KOR,2000,47379000
South Korea,KOR,2000,47379000
South Korea,KOR,2001,47706000
South Korea,KOR,2001,47706000
South Korea,KOR,2002,48000000
South Korea,KOR,2002,48000000
South Korea,KOR,2003,48261000
South Korea,KOR,2003,48261000
South Korea,KOR,2004,48493000
South Korea,KOR,2004,48493000
South Korea,KOR,2005,48701000
South Korea,KOR,2005,48701000
South Korea,KOR,2008,49182000
South Korea,KOR,2008,49182000
South Korea,KOR,2009,49347000
South Korea,KOR,2009,49347000
South Korea,KOR,2010,49546000
South Korea,KOR,2010,49546000
South Korea,KOR,2011,49786000
South Korea,KOR,2011,49786000
South Korea,KOR,2012,50061000
South Korea,KOR,2012,50061000
South Korea,KOR,2015,50823000
South Korea,KOR,2015,50823000
Spain,ESP,2000,40825000
Spain,ESP,2000,40825000
Spain,ESP,2001,41319000
Spain,ESP,2001,41319000
Spain,ESP,2002,41920000
Spain,ESP,2002,41920000
Spain,ESP,2003,42596000
Spain,ESP,2003,42596000
Spain,ESP,2004,43308000
Spain,ESP,2004,43308000
Spain,ESP,2005,44019000
Spain,ESP,2005,44019000
Spain,ESP,2008,46069000
Spain,ESP,2008,46069000
Spain,ESP,2009,46584000
Spain,ESP,2009,46584000
Spain,ESP,2010,46931000
Spain,ESP,2010,46931000
Spain,ESP,2011,47084000
Spain,ESP,2011,47084000
Spain,ESP,2012,47063000
Spain,ESP,2012,47063000
Spain,ESP,2015,46672000
Spain,ESP,2015,46672000
Sri Lanka,LKA,2000,18778000
Sri Lanka,LKA,2001,18912000
Sri Lanka,LKA,2002,19062000
Sri Lanka,LKA,2003,19224000
Sri Lanka,LKA,2004,19387000
Sri Lanka,LKA,2005,19545000
Sri Lanka,LKA,2008,19984000
Sri Lanka,LKA,2009,20124000
Sri Lanka,LKA,2010,20262000
Sri Lanka,LKA,2011,20398000
Sri Lanka,LKA,2012,20533000
Sri Lanka,LKA,2015,20908000
Sudan,SDN,2000,27275000
Sudan,SDN,2001,27971000
Sudan,SDN,2002,28705000
Sudan,SDN,2003,29461000
Sudan,SDN,2004,30214000
Sudan,SDN,2005,30950000
Sudan,SDN,2008,33061000
Sudan,SDN,2009,33784000
Sudan,SDN,2010,34545000
Sudan,SDN,2011,35350000
Sudan,SDN,2012,36194000
Sudan,SDN,2015,38903000
Sweden,SWE,2000,8882000
Sweden,SWE,2000,8882000
Sweden,SWE,2001,8898000
Sweden,SWE,2001,8898000
Sweden,SWE,2002,8921000
Sweden,SWE,2002,8921000
Sweden,SWE,2003,8951000
Sweden,SWE,2003,8951000
Sweden,SWE,2004,8991000
Sweden,SWE,2004,8991000
Sweden,SWE,2005,9039000
Sweden,SWE,2005,9039000
Sweden,SWE,2008,9236000
Sweden,SWE,2008,9236000
Sweden,SWE,2009,9313000
Sweden,SWE,2009,9313000
Sweden,SWE,2010,9390000
Sweden,SWE,2010,9390000
Sweden,SWE,2011,9467000
Sweden,SWE,2011,9467000
Sweden,SWE,2012,9543000
Sweden,SWE,2012,9543000
Sweden,SWE,2015,9765000
Sweden,SWE,2015,9765000
Switzerland,CHE,2000,7144000
Switzerland,CHE,2000,7144000
Switzerland,CHE,2001,7179000
Switzerland,CHE,2001,7179000
Switzerland,CHE,2002,7220000
Switzerland,CHE,2002,7220000
Switzerland,CHE,2003,7268000
Switzerland,CHE,2003,7268000
Switzerland,CHE,2004,7324000
Switzerland,CHE,2004,7324000
Switzerland,CHE,2005,7387000
Switzerland,CHE,2005,7387000
Switzerland,CHE,2008,7623000
Switzerland,CHE,2008,7623000
Switzerland,CHE,2009,7714000
Switzerland,CHE,2009,7714000
Switzerland,CHE,2010,7809000
Switzerland,CHE,2010,7809000
Switzerland,CHE,2011,7907000
Switzerland,CHE,2011,7907000
Switzerland,CHE,2012,8008000
Switzerland,CHE,2012,8008000
Switzerland,CHE,2015,8297000
Switzerland,CHE,2015,8297000
Syria,SYR,2000,16411000
Syria,SYR,2001,16767000
Syria,SYR,2002,17085000
Syria,SYR,2003,17415000
Syria,SYR,2004,17828000
Syria,SYR,2005,18361000
Syria,SYR,2008,20664000
Syria,SYR,2009,21206000
Syria,SYR,2010,21363000
Syria,SYR,2011,21082000
Syria,SYR,2012,20439000
Syria,SYR,2015,17997000
Taiwan,TWN,2000,21967000
Taiwan,TWN,2001,22109000
Taiwan,TWN,2002,22262000
Taiwan,TWN,2003,22420000
Taiwan,TWN,2004,22570000
Taiwan,TWN,2005,22706000
Taiwan,TWN,2008,23019000
Taiwan,TWN,2009,23105000
Taiwan,TWN,2010,23188000
Taiwan,TWN,2011,23269000
Taiwan,TWN,2012,23347000
Taiwan,TWN,2015,23557000
Tanzania,TZA,2000,33499000
Tanzania,TZA,2001,34386000
Tanzania,TZA,2002,35335000
Tanzania,TZA,2003,36338000
Tanzania,TZA,2004,37380000
Tanzania,TZA,2005,38450000
Tanzania,TZA,2008,41854000
Tanzania,TZA,2009,43074000
Tanzania,TZA,2010,44347000
Tanzania,TZA,2011,45674000
Tanzania,TZA,2012,47053000
Tanzania,TZA,2015,51483000
Thailand,THA,2000,62953000
Thailand,THA,2001,63539000
Thailand,THA,2002,64069000
Thailand,THA,2003,64550000
Thailand,THA,2004,64995000
Thailand,THA,2005,65416000
Thailand,THA,2008,66531000
Thailand,THA,2009,66867000
Thailand,THA,2010,67195000
Thailand,THA,2011,67518000
Thailand,THA,2012,67836000
Thailand,THA,2015,68715000
Togo,TGO,2000,4924000
Togo,TGO,2001,5063000
Togo,TGO,2002,5197000
Togo,TGO,2003,5331000
Togo,TGO,2004,5468000
Togo,TGO,2005,5612000
Togo,TGO,2008,6083000
Togo,TGO,2009,6251000
Togo,TGO,2010,6422000
Togo,TGO,2011,6596000
Togo,TGO,2012,6774000
Togo,TGO,2015,7323000
Trinidad and Tobago,TTO,2000,1267000
Trinidad and Tobago,TTO,2001,1272000
Trinidad and Tobago,TTO,2002,1277000
Trinidad and Tobago,TTO,2003,1284000
Trinidad and Tobago,TTO,2004,1290000
Trinidad and Tobago,TTO,2005,1296000
Trinidad and Tobago,TTO,2008,1314000
Trinidad and Tobago,TTO,2009,1321000
Trinidad and Tobago,TTO,2010,1328000
Trinidad and Tobago,TTO,2011,1336000
Trinidad and Tobago,TTO,2012,1345000
Trinidad and Tobago,TTO,2015,1370000
Tunisia,TUN,2000,9708000
Tunisia,TUN,2001,9794000
Tunisia,TUN,2002,9871000
Tunisia,TUN,2003,9945000
Tunisia,TUN,2004,10022000
Tunisia,TUN,2005,10107000
Tunisia,TUN,2008,10414000
Tunisia,TUN,2009,10526000
Tunisia,TUN,2010,10635000
Tunisia,TUN,2011,10742000
Tunisia,TUN,2012,10847000
Tunisia,TUN,2015,11180000
Turkey,TUR,2000,63240000
Turkey,TUR,2000,63240000
Turkey,TUR,2000,63240000
Turkey,TUR,2001,64192000
Turkey,TUR,2001,64192000
Turkey,TUR,2001,64192000
Turkey,TUR,2002,65145000
Turkey,TUR,2002,65145000
Turkey,TUR,2002,65145000
Turkey,TUR,2003,66089000
Turkey,TUR,2003,66089000
Turkey,TUR,2003,66089000
Turkey,TUR,2004,67011000
Turkey,TUR,2004,67011000
Turkey,TUR,2004,67011000
Turkey,TUR,2005,67903000
Turkey,TUR,2005,67903000
Turkey,TUR,2005,67903000
Turkey,TUR,2008,70419000
Turkey,TUR,2008,70419000
Turkey,TUR,2008,70419000
Turkey,TUR,2009,71321000
Turkey,TUR,2009,71321000
Turkey,TUR,2009,71321000
Turkey,TUR,2010,72327000
Turkey,TUR,2010,72327000
Turkey,TUR,2010,72327000
Turkey,TUR,2011,73443000
Turkey,TUR,2011,73443000
Turkey,TUR,2011,73443000
Turkey,TUR,2012,74651000
Turkey,TUR,2012,74651000
Turkey,TUR,2012,74651000
Turkey,TUR,2015,78529000
Turkey,TUR,2015,78529000
Turkey,TUR,2015,78529000
Turkmenistan,TKM,2000,4516000
Turkmenistan,TKM,2001,4564000
Turkmenistan,TKM,2002,4610000
Turkmenistan,TKM,2003,4656000
Turkmenistan,TKM,2004,4703000
Turkmenistan,TKM,2005,4755000
Turkmenistan,TKM,2008,4936000
Turkmenistan,TKM,2009,5008000
Turkmenistan,TKM,2010,5087000
Turkmenistan,TKM,2011,5174000
Turkmenistan,TKM,2012,5268000
Turkmenistan,TKM,2015,5565000
Uganda,UGA,2000,23650000
Uganda,UGA,2001,24389000
Uganda,UGA,2002,25167000
Uganda,UGA,2003,25981000
Uganda,UGA,2004,26821000
Uganda,UGA,2005,27685000
Uganda,UGA,2008,30432000
Uganda,UGA,2009,31411000
Uganda,UGA,2010,32428000
Uganda,UGA,2011,33477000
Uganda,UGA,2012,34559000
Uganda,UGA,2015,38225000
Ukraine,UKR,2000,48838000
Ukraine,UKR,2001,48402000
Ukraine,UKR,2002,47980000
Ukraine,UKR,2003,47582000
Ukraine,UKR,2004,47217000
Ukraine,UKR,2005,46891000
Ukraine,UKR,2008,46159000
Ukraine,UKR,2009,45971000
Ukraine,UKR,2010,45792000
Ukraine,UKR,2011,45620000
Ukraine,UKR,2012,45454000
Ukraine,UKR,2015,44922000
United Arab Emirates,ARE,2000,3134000
United Arab Emirates,ARE,2001,3303000
United Arab Emirates,ARE,2002,3479000
United Arab Emirates,ARE,2003,3712000
United Arab Emirates,ARE,2004,4069000
United Arab Emirates,ARE,2005,4588000
United Arab Emirates,ARE,2008,7089000
United Arab Emirates,ARE,2009,7917000
United Arab Emirates,ARE,2010,8550000
United Arab Emirates,ARE,2011,8947000
United Arab Emirates,ARE,2012,9142000
United Arab Emirates,ARE,2015,9263000
United Kingdom,GBR,2000,58923000
United Kingdom,GBR,2000,58923000
United Kingdom,GBR,2001,59124000
United Kingdom,GBR,2001,59124000
United Kingdom,GBR,2002,59326000
United Kingdom,GBR,2002,59326000
United Kingdom,GBR,2003,59561000
United Kingdom,GBR,2003,59561000
United Kingdom,GBR,2004,59873000
United Kingdom,GBR,2004,59873000
United Kingdom,GBR,2005,60288000
United Kingdom,GBR,2005,60288000
United Kingdom,GBR,2008,62145000
United Kingdom,GBR,2008,62145000
United Kingdom,GBR,2009,62829000
United Kingdom,GBR,2009,62829000
United Kingdom,GBR,2010,63460000
United Kingdom,GBR,2010,63460000
United Kingdom,GBR,2011,64022000
United Kingdom,GBR,2011,64022000
United Kingdom,GBR,2012,64525000
United Kingdom,GBR,2012,64525000
United Kingdom,GBR,2015,65860000
United Kingdom,GBR,2015,65860000
United States,USA,2000,281711000
United States,USA,2000,281711000
United States,USA,2001,284608000
United States,USA,2001,284608000
United States,USA,2002,287279000
United States,USA,2002,287279000
United States,USA,2003,289816000
United States,USA,2003,289816000
United States,USA,2004,292355000
United States,USA,2004,292355000
United States,USA,2005,294994000
United States,USA,2005,294994000
United States,USA,2008,303486000
United States,USA,2008,303486000
United States,USA,2009,306308000
United States,USA,2009,306308000
United States,USA,2010,309011000
United States,USA,2010,309011000
United States,USA,2011,311584000
United States,USA,2011,311584000
United States,USA,2012,314044000
United States,USA,2012,314044000
United States,USA,2015,320878000
United States,USA,2015,320878000
Uruguay,URY,2000,3320000
Uruguay,URY,2001,3325000
Uruguay,URY,2002,3326000
Uruguay,URY,2003,3324000
Uruguay,URY,2004,3321000
Uruguay,URY,2005,3322000
Uruguay,URY,2008,3340000
Uruguay,URY,2009,3350000
Uruguay,URY,2010,3359000
Uruguay,URY,2011,3369000
Uruguay,URY,2012,3379000
Uruguay,URY,2015,3412000
Uzbekistan,UZB,2000,24770000
Uzbekistan,UZB,2001,25109000
Uzbekistan,UZB,2002,25431000
Uzbekistan,UZB,2003,25749000
Uzbekistan,UZB,2004,26078000
Uzbekistan,UZB,2005,26428000
Uzbekistan,UZB,2008,27627000
Uzbekistan,UZB,2009,28065000
Uzbekistan,UZB,2010,28516000
Uzbekistan,UZB,2011,28977000
Uzbekistan,UZB,2012,29449000
Uzbekistan,UZB,2015,30930000
Venezuela,VEN,2000,24192000
Venezuela,VEN,2001,24646000
Venezuela,VEN,2002,25100000
Venezuela,VEN,2003,25552000
Venezuela,VEN,2004,25997000
Venezuela,VEN,2005,26432000
Venezuela,VEN,2008,27636000
Venezuela,VEN,2009,28031000
Venezuela,VEN,2010,28440000
Venezuela,VEN,2011,28888000
Venezuela,VEN,2012,29361000
Venezuela,VEN,2015,30082000
Vietnam,VNM,2000,79910000
Vietnam,VNM,2001,80743000
Vietnam,VNM,2002,81534000
Vietnam,VNM,2003,82302000
Vietnam,VNM,2004,83063000
Vietnam,VNM,2005,83833000
Vietnam,VNM,2008,86243000
Vietnam,VNM,2009,87092000
Vietnam,VNM,2010,87968000
Vietnam,VNM,2011,88871000
Vietnam,VNM,2012,89802000
Vietnam,VNM,2015,92677000
Yemen,YEM,2000,17409000
Yemen,YEM,2001,17918000
Yemen,YEM,2002,18444000
Yemen,YEM,2003,18985000
Yemen,YEM,2004,19540000
Yemen,YEM,2005,20107000
Yemen,YEM,2008,21892000
Yemen,YEM,2009,22516000
Yemen,YEM,2010,23155000
Yemen,YEM,2011,23808000
Yemen,YEM,2012,24473000
Yemen,YEM,2015,26498000
Zimbabwe,ZWE,2000,11881000
Zimbabwe,ZWE,2001,11924000
Zimbabwe,ZWE,2002,11954000
Zimbabwe,ZWE,2003,11982000
Zimbabwe,ZWE,2004,12020000
Zimbabwe,ZWE,2005,12077000
Zimbabwe,ZWE,2008,12380000
Zimbabwe,ZWE,2009,12527000
Zimbabwe,ZWE,2010,12698000
Zimbabwe,ZWE,2011,12894000
Zimbabwe,ZWE,2012,13115000
Zimbabwe,ZWE,2015,13815000
